Name,Sex,Age,Address,Email,Phone Number
John Doe,Male,35,"123 Main St, City A",john.doe@example.com,123-456-7890
Jane Smith,Female,28,"456 Elm St, City B",jane.smith@example.com,987-654-3210
David Lee,Male,45,"789 Oak St, City C",david.lee@example.com,555-123-4567
Mary Brown,Female,22,"321 Birch St, City D",mary.brown@example.com,777-888-9999
James Wang,Male,32,"567 Pine St, City E",james.wang@example.com,111-222-3333
Lisa Chen,Female,40,"654 Cedar St, City F",lisa.chen@example.com,999-777-8888
Mark Kim,Male,27,"890 Willow St, City G",mark.kim@example.com,333-444-5555
Sarah Liu,Female,33,"432 Redwood St, City H",sarah.liu@example.com,666-777-8888
Michael Johnson,Male,55,"765 Oak St, City I",michael.johnson@example.com,123-987-6543
Emily Wilson,Female,29,"987 Birch St, City J",emily.wilson@example.com,888-999-7777
Zoe Johnson,Female,34,"567 Birch St, City T",zoe.johnson@example.com,555-666-7777
Ethan Wilson,Male,29,"876 Oak St, City U",ethan.wilson@example.com,777-666-5555
Mia Davis,Female,42,"321 Elm St, City V",mia.davis@example.com,222-333-4444
Samuel Chen,Male,44,"432 Cedar St, City W",samuel.chen@example.com,666-444-3333
Ava Garcia,Female,27,"765 Pine St, City X",ava.garcia@example.com,888-777-6666
Alexander Brown,Male,37,"987 Oak St, City Y",alexander.brown@example.com,444-222-1111
Emma Wang,Female,23,"234 Birch St, City Z",emma.wang@example.com,999-111-2222
Daniel Smith,Male,45,"543 Cedar St, City AA",daniel.smith@example.com,555-666-7777
Olivia Martinez,Female,31,"789 Pine St, City BB",olivia.martinez@example.com,222-111-4444
Matthew Taylor,Male,26,"876 Elm St, City CC",matthew.taylor@example.com,777-333-6666
Chloe Anderson,Female,35,"654 Redwood St, City DD",chloe.anderson@example.com,333-444-5555
Liam Harris,Male,30,"432 Birch St, City EE",liam.harris@example.com,666-777-8888
Abigail Wilson,Female,28,"567 Cedar St, City FF",abigail.wilson@example.com,888-555-6666
James White,Male,29,"789 Oak St, City GG",james.white@example.com,555-666-7777
Sofia Nguyen,Female,36,"765 Cedar St, City HH",sofia.nguyen@example.com,444-555-6666
Benjamin Hernandez,Male,32,"654 Elm St, City II",benjamin.hernandez@example.com,222-333-4444
Charlotte Turner,Female,27,"987 Pine St, City JJ",charlotte.turner@example.com,333-666-7777
Michael Walker,Male,40,"876 Redwood St, City KK",michael.walker@example.com,777-444-5555
Harper King,Female,24,"543 Elm St, City LL",harper.king@example.com,666-555-4444
Elijah Adams,Male,38,"234 Cedar St, City MM",elijah.adams@example.com,555-444-3333
Lily Hall,Female,33,"432 Pine St, City NN",lily.hall@example.com,333-555-6666
